StepCount,HeartRate_1,HeartRate_2,HeartRate_3,HeartRate_4,HeartRate_5,HeartRate_6,HeartRate_7,HeartRate_8,HeartRate_9,HeartRate_10,HeartRate_11,HeartRate_12,HeartRate_13,HeartRate_14,HeartRate_15,HeartRate_16,HeartRate_17,HeartRate_18,HeartRate_19,HeartRate_20,HeartRate_21,HeartRate_22,HeartRate_23,HeartRate_24,HeartRate_25,HeartRate_26,HeartRate_27,HeartRate_28,HeartRate_29,HeartRate_30,HeartRate_31,HeartRate_32,HeartRate_33,HeartRate_34,HeartRate_35,HeartRate_36,HeartRate_37,HeartRate_38,HeartRate_39,HeartRate_40,HeartRate_41,HeartRate_42,HeartRate_43,HeartRate_44,HeartRate_45,HeartRate_46,HeartRate_47,HeartRate_48,HeartRate_49,HeartRate_50,HeartRate_51,HeartRate_52,HeartRate_53,HeartRate_54,HeartRate_55,HeartRate_56,HeartRate_57,HeartRate_58,HeartRate_59,HeartRate_60,HeartRate_61,HeartRate_62,HeartRate_63,HeartRate_64,HeartRate_65,HeartRate_66,HeartRate_67,HeartRate_68,HeartRate_69,HeartRate_70,HeartRate_71,HeartRate_72,HeartRate_73,HeartRate_74,HeartRate_75,HeartRate_76,HeartRate_77,HeartRate_78,HeartRate_79,HeartRate_80,HeartRate_81,HeartRate_82,HeartRate_83,HeartRate_84,HeartRate_85,HeartRate_86,HeartRate_87,HeartRate_88,HeartRate_89,HeartRate_90,HeartRate_91,HeartRate_92,HeartRate_93,HeartRate_94,HeartRate_95,HeartRate_96,HeartRate_97,HeartRate_98,HeartRate_99,HeartRate_100,HeartRate_101,HeartRate_102,HeartRate_103,HeartRate_104,HeartRate_105,HeartRate_106,HeartRate_107,HeartRate_108,HeartRate_109,Sum_ActiveEnergyBurned,Sum_BasalEnergyBurned,Sum_DistanceWalkingRunning,study ID,height (cm),age (years),weight (kg),TimeStamp,leg Length (cm),Subject/Patient,Distance (m),Turns,Step Count,Step Count(After 6MWT),Rounds,Distance (per round),Counted Steps,Calculated m,Carrying location,Distance (km),Steps (before),Steps (after),Steps,RR_before_systolic,RR_before_diastolic,RR_after_systolic,RR_after_diastolic,RR_before_category,RR_after_category,RR_before_category_num,RR_after_category_num,Subject_Patient_Number,RR_before,RR_after,HR_before,HR_after,gender,real_Distance,BMI,BMI_Over_25
1093.0,132.0,131.0,130.0,128.0,125.0,125.0,124.0,124.0,126.0,126.0,127.0,131.0,132.0,131.0,132.0,134.0,134.0,127.0,127.0,124.0,129.0,129.0,128.0,127.0,129.0,130.0,131.0,134.0,135.0,135.0,134.0,136.0,137.0,137.0,136.0,136.0,137.0,136.0,136.0,135.0,136.0,135.0,131.0,116.0,114.0,115.0,112.0,92.0,82.0,80.0,77.0,,79.0,82.0,80.0,75.0,73.0,75.0,78.0,88.0,,,,,,,,,,,,,,,,,,,,,,,,,,,,,,,,,,,,,,,,,,,,,,,,,,23.861000000000004,11.302,0.850678,707.0,165.0,21.0,59,2024-03-19 14:01:01+01:00,80.0,subject,30.0,2.0,37.0,35,"40,8","15,00",-,"612,00",left wrist,"0,62",4450.0,5157.0,707.0,117.0,83.0,128.0,88.0,Hypertension Stage 1,Hypertension Stage 1,3.0,3.0,0.0,117/83,128/88,51.0,51.0,male,0.5656,21.6712580348944,0.0
1456.0,131.0,132.0,126.0,129.0,130.0,129.0,130.0,131.0,132.0,131.0,130.0,129.0,128.0,121.0,123.0,123.0,120.0,118.0,118.0,117.0,114.0,111.0,,,,,,,,,,,,,,,,,,,,,,,,,,,,,,,,,,,,,,,,,,,,,,,,,,,,,,,,,,,,,,,,,,,,,,,,,,,,,,,,,,,,,,,,30.094,12.742,1.0330199999999998,795.0,171.0,51.0,62,2024-03-19 12:51:52+01:00,81.0,patient,40.0,2.0,59.0,60,"26,5","20,00",-,"530,00",left wrist,"0,66",3035.0,3830.0,795.0,119.0,71.0,146.0,85.0,Normal,Hypertension Stage 1,1.0,3.0,1.0,119/71,146/85,71.0,80.0,male,0.64395,21.20310522895934,0.0
1252.0,132.0,135.0,133.0,138.0,139.0,139.0,141.0,142.0,147.0,153.0,155.0,158.0,159.0,155.0,155.0,154.0,154.0,154.0,153.0,155.0,155.0,156.0,157.0,156.0,154.0,154.0,154.0,154.0,154.0,154.0,154.0,155.0,155.0,154.0,154.0,154.0,156.0,157.0,158.0,157.0,157.0,154.0,153.0,152.0,154.0,155.0,155.0,151.0,149.0,148.0,151.0,151.0,150.0,150.0,151.0,151.0,152.0,151.0,143.0,148.0,148.0,148.0,148.0,140.0,144.0,144.0,142.0,139.0,137.0,134.0,129.0,115.0,118.0,109.0,106.0,105.0,102.0,94.0,81.0,80.0,,79.0,80.0,,,,,,,,,,,,,,,,,,,,,,,,,,,78.97800000000001,47.19399999999999,1.1955011999999998,855.0,176.0,34.0,103,2024-03-19 11:53:48+01:00,76.0,subject,30.0,2.0,38.0,39,"45,07","15,00",-,"676,05",left wrist,"0,79",1776.0,2631.0,855.0,122.0,75.0,127.0,85.0,Elevated,Hypertension Stage 1,2.0,3.0,0.0,122/75,127/85,61.0,65.0,male,0.6498,33.25154958677686,1.0
1458.0,95.0,95.0,95.0,95.0,94.0,94.0,94.0,94.0,94.0,93.0,93.0,93.0,92.0,92.0,91.0,91.0,90.0,90.0,89.0,88.0,88.0,88.0,88.0,87.0,88.0,87.0,88.0,88.0,87.0,85.0,84.0,86.0,85.0,85.0,85.0,84.0,84.0,84.0,83.0,81.0,81.0,81.0,80.0,79.0,79.0,79.0,78.0,78.0,77.0,76.0,76.0,75.0,74.0,74.0,74.0,73.0,73.0,73.0,72.0,72.0,71.0,71.0,69.0,69.0,68.0,68.0,67.0,65.0,65.0,,64.0,65.0,,,,,,,,,,,,,,,,,,,,,,,,,,,,,,,,,,,,,,30.477,16.38,1.1629775,707.0,161.0,75.0,82,2024-03-18 15:47:45+01:00,67.0,patient,40.0,2.0,59.0,58,"23,6","20,00","707,00","472,00",left wrist,"0,55",8585.0,9292.0,707.0,117.0,83.0,128.0,88.0,Hypertension Stage 1,Hypertension Stage 1,3.0,3.0,0.0,117/83,128/88,51.0,51.0,male,0.5656,21.6712580348944,0.0
737.0,102.0,101.0,101.0,110.0,111.0,119.0,119.0,121.0,120.0,122.0,125.0,123.0,122.0,108.0,108.0,106.0,105.0,100.0,91.0,96.0,97.0,99.0,106.0,112.0,120.0,121.0,122.0,123.0,119.0,125.0,126.0,129.0,131.0,130.0,133.0,133.0,137.0,135.0,136.0,138.0,137.0,137.0,134.0,131.0,131.0,131.0,130.0,130.0,130.0,130.0,127.0,130.0,129.0,131.0,132.0,129.0,133.0,131.0,127.0,127.0,126.0,124.0,125.0,124.0,124.0,123.0,124.0,121.0,119.0,118.0,121.0,123.0,123.0,123.0,120.0,120.0,124.0,124.0,128.0,126.0,125.0,124.0,125.0,123.0,123.0,122.0,129.0,126.0,124.0,124.0,123.0,124.0,125.0,125.0,122.0,122.0,122.0,116.0,115.0,102.0,98.0,85.0,86.0,,88.0,93.0,95.0,81.0,79.0,32.255,30.791999999999987,0.6155900000000001,688.0,168.0,22.0,65,2024-03-18 14:56:47+01:00,80.0,subject,40.0,2.0,49.0,49,"28,7","20,00","715,00","574,00",left wrist,"0,57",7331.0,8019.0,688.0,139.0,88.0,136.0,89.0,Hypertension Stage 1,Hypertension Stage 1,3.0,3.0,0.0,139/88,136/89,76.0,92.0,male,0.5504,23.030045351473927,0.0
1763.0,102.0,102.0,102.0,101.0,100.0,100.0,101.0,102.0,102.0,103.0,102.0,102.0,102.0,102.0,102.0,102.0,101.0,102.0,102.0,102.0,101.0,101.0,101.0,102.0,103.0,101.0,101.0,100.0,101.0,100.0,100.0,99.0,100.0,98.0,99.0,100.0,100.0,100.0,100.0,99.0,100.0,99.0,97.0,97.0,96.0,97.0,99.0,98.0,99.0,100.0,99.0,99.0,97.0,97.0,96.0,97.0,97.0,98.0,97.0,95.0,92.0,92.0,93.0,96.0,98.0,91.0,89.0,88.0,77.0,70.0,,71.0,71.0,72.0,73.0,72.0,74.0,75.0,76.0,82.0,105.0,,,,,,,,,,,,,,,,,,,,,,,,,,,,,44.935,18.828,1.6143714999999998,808.0,175.0,83.0,90,2024-03-18 14:08:55+01:00,71.0,patient,40.0,2.0,59.0,58,"27,30","20,00",-,"546,00",left wrist,"0,68",6040.0,6848.0,808.0,143.0,94.0,136.0,91.0,Hypertension Stage 2,Hypertension Stage 1,4.0,3.0,1.0,143/94,136/91,87.0,87.0,female,0.57368,29.387755102040817,1.0
1169.0,98.0,97.0,97.0,99.0,99.0,97.0,97.0,95.0,95.0,95.0,94.0,96.0,97.0,98.0,97.0,98.0,98.0,98.0,98.0,98.0,97.0,97.0,95.0,96.0,96.0,96.0,97.0,97.0,97.0,97.0,96.0,95.0,92.0,92.0,91.0,91.0,90.0,89.0,87.0,88.0,87.0,86.0,85.0,85.0,85.0,85.0,85.0,81.0,80.0,80.0,,81.0,81.0,90.0,,,,,,,,,,,,,,,,,,,,,,,,,,,,,,,,,,,,,,,,,,,,,,,,,,,,,,,,16.835,9.072,0.6665422999999999,596.0,179.0,80.0,72,2024-03-18 12:28:05+01:00,84.0,patient,40.0,2.0,70.0,71,"16,30","20,00",-,"326,00",left wrist,"0,40",5019.0,5615.0,596.0,136.0,84.0,160.0,92.0,Hypertension Stage 1,Hypertension Stage 2,3.0,4.0,1.0,136/84,160/92,59.0,86.0,female,0.50064,22.47120876377142,0.0
1455.0,95.0,96.0,96.0,98.0,99.0,98.0,99.0,98.0,94.0,96.0,95.0,94.0,94.0,94.0,94.0,94.0,94.0,94.0,97.0,98.0,99.0,96.0,96.0,96.0,97.0,97.0,96.0,96.0,96.0,96.0,95.0,95.0,95.0,94.0,94.0,94.0,94.0,95.0,95.0,96.0,96.0,96.0,93.0,92.0,89.0,89.0,90.0,90.0,89.0,88.0,88.0,88.0,86.0,86.0,86.0,85.0,85.0,85.0,83.0,79.0,77.0,76.0,77.0,75.0,72.0,73.0,71.0,62.0,,61.0,60.0,63.0,66.0,,,,,,,,,,,,,,,,,,,,,,,,,,,,,,,,,,,,,32.642,18.002000000000002,0.9612,699.0,180.0,84.0,86,2024-03-18 11:38:46+01:00,83.0,patient,40.0,2.0,60.0,58,"23,50","20,00",-,"470,00",left wrist,"0,49",3320.0,4019.0,699.0,130.0,80.0,160.0,80.0,Hypertension Stage 1,Hypertension Stage 1,3.0,3.0,1.0,130/80,160/80,70.0,73.0,male,0.56619,29.365763350250564,1.0
933.0,85.0,85.0,87.0,89.0,81.0,82.0,83.0,78.0,80.0,80.0,89.0,90.0,96.0,102.0,106.0,108.0,105.0,107.0,103.0,104.0,104.0,104.0,108.0,112.0,105.0,106.0,105.0,106.0,105.0,105.0,104.0,106.0,104.0,104.0,104.0,104.0,103.0,103.0,103.0,102.0,102.0,102.0,102.0,102.0,102.0,102.0,103.0,102.0,103.0,102.0,102.0,103.0,103.0,104.0,104.0,105.0,106.0,104.0,105.0,104.0,104.0,103.0,103.0,103.0,103.0,102.0,102.0,102.0,102.0,101.0,101.0,101.0,102.0,101.0,102.0,102.0,103.0,102.0,103.0,103.0,102.0,103.0,103.0,104.0,104.0,104.0,104.0,104.0,104.0,104.0,103.0,102.0,102.0,100.0,100.0,98.0,95.0,89.0,81.0,83.0,,83.0,82.0,,,,,,,42.453,17.904,0.8134865,660.0,190.0,59.0,89,2024-03-18 10:54:32+01:00,95.0,subject,30.0,2.0,33.0,34,"35,00","15,00","683,00","525,00",left wrist,"0,60",1375.0,2035.0,660.0,153.0,94.0,159.0,96.0,Hypertension Stage 2,Hypertension Stage 2,4.0,4.0,0.0,153/94,159/96,55.0,55.0,female,0.627,24.653739612188367,0.0
1346.0,134.0,133.0,129.0,129.0,131.0,130.0,128.0,128.0,133.0,132.0,126.0,125.0,126.0,127.0,128.0,130.0,133.0,135.0,134.0,132.0,131.0,131.0,129.0,127.0,132.0,131.0,131.0,135.0,134.0,134.0,131.0,131.0,127.0,126.0,127.0,126.0,130.0,135.0,134.0,132.0,133.0,137.0,136.0,117.0,107.0,,91.0,,,,,,,,,,,,,,,,,,,,,,,,,,,,,,,,,,,,,,,,,,,,,,,,,,,,,,,,,,,,,,,22.126,8.992,0.8295485,36.0,160.0,25.0,53,2024-03-15 11:56:13+01:00,72.0,subject,40.0,2.0,48.0,49,"28,9","20,00",-,"578,00",left wrist,"0,58",3537.0,4252.0,715.0,124.0,79.0,156.0,128.0,Elevated,Hypertension Stage 2,2.0,4.0,0.0,124/79,156/128,58.0,65.0,female,0.5148,20.703125,0.0
1084.0,106.0,105.0,110.0,107.0,103.0,102.0,104.0,105.0,106.0,107.0,110.0,114.0,118.0,118.0,122.0,121.0,120.0,122.0,123.0,120.0,120.0,121.0,121.0,120.0,118.0,118.0,118.0,118.0,121.0,119.0,119.0,119.0,120.0,122.0,122.0,122.0,122.0,119.0,121.0,121.0,122.0,120.0,123.0,121.0,121.0,118.0,120.0,119.0,120.0,117.0,114.0,113.0,115.0,115.0,118.0,118.0,120.0,121.0,119.0,119.0,119.0,122.0,124.0,123.0,126.0,126.0,124.0,123.0,124.0,124.0,124.0,124.0,124.0,124.0,126.0,128.0,129.0,126.0,126.0,124.0,125.0,114.0,101.0,96.0,87.0,77.0,77.0,,80.0,78.0,77.0,,,,,,,,,,,,,,,,,,,29.058,27.97299999999999,0.8366857,11.0,165.0,21.0,59,2024-03-15 11:20:24+01:00,80.0,subject,30.0,2.0,37.0,40,"37,73","15,00",712,"565,95",left wrist,"0,57",2350.0,3056.0,706.0,141.0,104.0,153.0,107.0,Hypertension Stage 2,Hypertension Stage 2,4.0,4.0,0.0,141/104,153/107,57.0,69.0,male,0.572,21.6712580348944,0.0
905.0,110.0,112.0,113.0,111.0,112.0,111.0,113.0,112.0,114.0,112.0,111.0,108.0,108.0,111.0,113.0,112.0,115.0,113.0,114.0,115.0,119.0,118.0,117.0,117.0,121.0,120.0,118.0,119.0,121.0,121.0,120.0,120.0,116.0,116.0,117.0,121.0,121.0,120.0,117.0,112.0,113.0,106.0,,93.0,92.0,89.0,,,,,,,,,,,,,,,,,,,,,,,,,,,,,,,,,,,,,,,,,,,,,,,,,,,,,,,,,,,,,,,,24.218,18.338,0.6343940000000001,1.0,185.0,22.0,"88,5",2024-03-15 09:19:51+01:00,90.0,Subject,30.0,2.0,39.0,38,"32,2","15,00",634,"483,00",left wrist,"0,47",148.0,738.0,590.0,159.0,72.0,160.0,63.0,Hypertension Stage 2,Hypertension Stage 2,4.0,4.0,0.0,159/72,160/63,88.0,74.0,male,0.5337,25.858290723155587,1.0
938.0,113.0,113.0,115.0,113.0,112.0,114.0,114.0,108.0,107.0,106.0,105.0,105.0,106.0,106.0,107.0,106.0,105.0,103.0,104.0,107.0,106.0,109.0,109.0,105.0,104.0,110.0,109.0,109.0,109.0,106.0,106.0,111.0,111.0,,98.0,90.0,76.0,,,,,,,,,,,,,,,,,,,,,,,,,,,,,,,,,,,,,,,,,,,,,,,,,,,,,,,,,,,,,,,,,,,,,,,,,23.144,11.765999999999998,0.5819722999999999,33.0,173.0,73.0,"94,4",2024-03-14 11:40:50+01:00,76.0,Patient,40.0,2.0,61.0,64,"16,8","20,00",-,"336,00",left wrist,"0,41",3393.0,3949.0,556.0,132.0,90.0,140.0,96.0,Hypertension Stage 1,Hypertension Stage 2,3.0,4.0,1.0,132/90,140/96,76.0,102.0,male,0.42256,31.54131444418457,1.0
13.0,74.0,72.0,79.0,79.0,,,,,,,,,,,,,,,,,,,,,,,,,,,,,,,,,,,,,,,,,,,,,,,,,,,,,,,,,,,,,,,,,,,,,,,,,,,,,,,,,,,,,,,,,,,,,,,,,,,,,,,,,,2.9399999999999995,8.16,0.0091715,32.0,167.0,72.0,63,2024-03-14 11:08:23+01:00,83.0,Patient,40.0,2.0,59.0,57,"24,9","20,00",713,"498,00",left wrist,"0,54",2552.0,3251.0,699.0,162.0,108.0,169.0,108.0,Hypertension Stage 2,Hypertension Stage 2,4.0,4.0,1.0,162/108,169/108,71.0,91.0,male,0.58017,22.58955143605005,0.0
1443.0,77.0,77.0,77.0,77.0,77.0,77.0,77.0,77.0,76.0,77.0,77.0,76.0,77.0,77.0,77.0,78.0,79.0,79.0,78.0,79.0,78.0,78.0,78.0,79.0,79.0,79.0,79.0,78.0,78.0,77.0,76.0,77.0,77.0,77.0,76.0,77.0,77.0,78.0,78.0,79.0,79.0,79.0,79.0,79.0,79.0,79.0,79.0,79.0,78.0,77.0,77.0,76.0,77.0,78.0,76.0,75.0,75.0,75.0,74.0,74.0,73.0,72.0,71.0,70.0,70.0,85.0,83.0,,95.0,,,,,,,,,,,,,,,,,,,,,,,,,,,,,,,,,,,,,,,,,36.22,20.592,0.9853245,31.0,174.0,51.0,98,2024-03-14 10:46:53+01:00,70.0,Patient,40.0,2.0,61.0,55,"24,4","20,00",-,"488,00",left wrist,"0,55",1649.0,2325.0,676.0,118.0,69.0,110.0,75.0,Normal,Normal,1.0,1.0,1.0,118/69,110/75,55.0,52.0,male,0.4732,32.368873034747,1.0
1238.0,101.0,108.0,105.0,104.0,104.0,109.0,114.0,112.0,111.0,104.0,105.0,108.0,112.0,111.0,110.0,111.0,108.0,109.0,108.0,109.0,105.0,105.0,103.0,105.0,112.0,110.0,117.0,126.0,124.0,124.0,120.0,118.0,118.0,120.0,118.0,120.0,121.0,122.0,122.0,119.0,115.0,111.0,110.0,114.0,111.0,113.0,113.0,111.0,114.0,118.0,116.0,115.0,115.0,115.0,115.0,113.0,113.0,115.0,114.0,115.0,114.0,116.0,115.0,111.0,112.0,109.0,111.0,115.0,110.0,120.0,115.0,115.0,117.0,119.0,116.0,115.0,115.0,116.0,115.0,114.0,114.0,115.0,113.0,110.0,114.0,114.0,117.0,115.0,108.0,104.0,104.0,109.0,103.0,,79.0,,,,,,,,,,,,,,,36.532,39.88099999999999,0.913756,1.0,185.0,22.0,"88,5",2024-03-14 09:35:51+01:00,90.0,Subject,30.0,2.0,38.0,38,"33,13","15,00","640,00","496,95",left wrist,"0,49",6862.0,7440.0,578.0,159.0,72.0,160.0,63.0,Hypertension Stage 2,Hypertension Stage 2,4.0,4.0,0.0,159/72,160/63,88.0,74.0,male,0.5337,25.858290723155587,1.0
1513.0,100.0,101.0,99.0,99.0,101.0,95.0,85.0,89.0,86.0,85.0,84.0,87.0,93.0,99.0,96.0,97.0,103.0,105.0,107.0,107.0,106.0,106.0,106.0,105.0,105.0,105.0,104.0,104.0,105.0,104.0,104.0,104.0,102.0,102.0,101.0,102.0,102.0,102.0,102.0,101.0,102.0,105.0,102.0,104.0,108.0,107.0,107.0,107.0,109.0,109.0,109.0,108.0,108.0,108.0,106.0,106.0,108.0,108.0,108.0,107.0,106.0,105.0,105.0,105.0,105.0,105.0,105.0,105.0,106.0,105.0,105.0,105.0,105.0,105.0,106.0,106.0,105.0,105.0,105.0,105.0,100.0,103.0,101.0,101.0,97.0,94.0,88.0,87.0,84.0,,86.0,,,,,,,,,,,,,,,,,,,25.795,30.99699999999999,1.0422905,30.0,168.0,22.0,65,2024-03-13 15:12:24+01:00,80.0,Subject,30.0,2.0,46.0,46,30,"15,00","670,00","450,00",left wrist,"0,52",7526.0,8195.0,669.0,120.0,80.0,135.0,80.0,Hypertension Stage 1,Hypertension Stage 1,3.0,3.0,0.0,120/80,135/80,71.0,76.0,female,0.5352,23.030045351473927,0.0
1129.0,115.0,118.0,117.0,120.0,116.0,116.0,117.0,114.0,115.0,122.0,118.0,117.0,116.0,117.0,118.0,121.0,122.0,125.0,128.0,129.0,129.0,139.0,140.0,139.0,139.0,140.0,142.0,143.0,143.0,143.0,144.0,142.0,142.0,142.0,140.0,141.0,140.0,141.0,142.0,141.0,141.0,141.0,140.0,140.0,141.0,141.0,140.0,139.0,137.0,139.0,138.0,138.0,139.0,139.0,139.0,140.0,139.0,139.0,138.0,136.0,136.0,136.0,137.0,136.0,137.0,137.0,136.0,137.0,137.0,135.0,134.0,135.0,135.0,138.0,136.0,130.0,135.0,132.0,131.0,132.0,132.0,131.0,129.0,129.0,124.0,121.0,122.0,121.0,118.0,115.0,114.0,111.0,111.0,105.0,104.0,95.0,95.0,,95.0,94.0,94.0,,,,,,,,,63.051,41.632000000000005,1.0183075,29.0,196.0,61.0,89,2024-03-13 12:57:29+01:00,92.0,Subject,30.0,2.0,38.0,38,"43,33","15,00",-,"649,95",left wrist,"0,75",4336.0,5117.0,781.0,130.0,82.0,176.0,85.0,Hypertension Stage 1,Hypertension Stage 1,3.0,3.0,0.0,130/82,176/85,85.0,117.0,male,0.71852,23.167430237401085,0.0
1322.0,154.0,151.0,149.0,147.0,145.0,143.0,142.0,144.0,144.0,144.0,141.0,141.0,143.0,144.0,142.0,143.0,144.0,145.0,142.0,142.0,142.0,144.0,141.0,138.0,139.0,141.0,145.0,144.0,144.0,143.0,143.0,146.0,147.0,147.0,148.0,145.0,146.0,146.0,146.0,145.0,145.0,148.0,149.0,151.0,148.0,146.0,149.0,149.0,150.0,149.0,149.0,149.0,150.0,145.0,121.0,119.0,119.0,116.0,114.0,109.0,108.0,103.0,92.0,,93.0,,,,,,,,,,,,,,,,,,,,,,,,,,,,,,,,,,,,,,,,,,,,,43.061,13.149999999999997,0.90333765,26.0,181.0,28.0,64,2024-03-13 09:39:07+01:00,79.0,Patient,40.0,2.0,76.0,86,"16,33","20,00",-,"326,60",left wrist,"0,54",327.0,1060.0,733.0,104.0,67.0,108.0,80.0,Normal,Hypertension Stage 1,1.0,3.0,1.0,104/67,108/80,79.0,91.0,male,0.57907,19.53542321662953,0.0
759.0,130.0,132.0,131.0,136.0,137.0,140.0,146.0,135.0,130.0,129.0,131.0,132.0,131.0,130.0,130.0,131.0,130.0,128.0,124.0,124.0,128.0,124.0,126.0,127.0,126.0,125.0,125.0,126.0,124.0,122.0,124.0,124.0,124.0,125.0,125.0,124.0,121.0,126.0,126.0,130.0,125.0,125.0,126.0,125.0,125.0,128.0,127.0,127.0,126.0,126.0,127.0,121.0,119.0,119.0,117.0,116.0,115.0,112.0,112.0,115.0,110.0,103.0,93.0,90.0,87.0,,,,,,,,,,,,,,,,,,,,,,,,,,,,,,,,,,,,,,,,,,,,,43.068,34.46600000000001,0.6716619999999999,25.0,173.0,29.0,66,2024-03-12 13:47:47+01:00,83.0,Subject,30.0,2.0,38.0,35,46,"15,00",-,"690,00",left wrist,"0,65",3474.0,4200.0,726.0,136.0,72.0,154.0,83.0,Hypertension Stage 1,Hypertension Stage 1,3.0,3.0,0.0,136/72,154/83,75.0,89.0,female,0.60258,22.052190183434128,0.0
949.0,111.0,108.0,103.0,104.0,103.0,106.0,105.0,107.0,106.0,110.0,108.0,112.0,113.0,115.0,112.0,116.0,117.0,115.0,114.0,114.0,109.0,109.0,111.0,114.0,124.0,123.0,120.0,121.0,118.0,115.0,114.0,111.0,115.0,115.0,114.0,117.0,115.0,110.0,109.0,115.0,112.0,114.0,113.0,111.0,114.0,112.0,111.0,113.0,110.0,105.0,114.0,108.0,111.0,110.0,108.0,109.0,109.0,111.0,110.0,111.0,109.0,108.0,108.0,113.0,114.0,109.0,109.0,110.0,110.0,114.0,112.0,109.0,110.0,114.0,108.0,110.0,109.0,109.0,109.0,110.0,108.0,108.0,108.0,110.0,110.0,110.0,114.0,110.0,113.0,106.0,105.0,105.0,107.0,110.0,109.0,105.0,101.0,108.0,112.0,,106.0,111.0,108.0,103.0,91.0,,,,,42.81100000000001,39.77799999999999,0.736797,1.0,185.0,22.0,"88,5",2024-03-12 13:11:26+01:00,90.0,Subject,10.0,2.0,15.0,15,77,"5,00","612,00","385,00",left wrist,"0,43",1311.0,1899.0,588.0,159.0,72.0,160.0,63.0,Hypertension Stage 2,Hypertension Stage 2,4.0,4.0,0.0,159/72,160/63,88.0,74.0,male,0.5337,25.858290723155587,1.0
1253.0,106.0,105.0,95.0,94.0,92.0,73.0,73.0,75.0,74.0,77.0,81.0,84.0,85.0,88.0,86.0,91.0,94.0,100.0,111.0,112.0,112.0,110.0,110.0,110.0,114.0,112.0,113.0,112.0,111.0,108.0,103.0,101.0,107.0,109.0,108.0,105.0,104.0,105.0,107.0,108.0,107.0,107.0,107.0,104.0,102.0,105.0,105.0,108.0,101.0,101.0,105.0,103.0,104.0,101.0,101.0,104.0,104.0,103.0,109.0,106.0,111.0,106.0,104.0,104.0,104.0,112.0,112.0,109.0,112.0,108.0,114.0,114.0,114.0,116.0,111.0,114.0,114.0,120.0,120.0,119.0,118.0,115.0,117.0,120.0,112.0,112.0,116.0,116.0,105.0,77.0,77.0,,76.0,79.0,79.0,81.0,83.0,79.0,,,,,,,,,,,,28.268,12.765,0.9460165,24.0,168.0,22.0,65,2024-03-12 11:20:43+01:00,80.0,Subject,30.0,2.0,43.0,42,"28,2","15,00","537,00","423,00",left wrist,"0,44",641.0,1222.0,581.0,127.0,84.0,143.0,94.0,Hypertension Stage 1,Hypertension Stage 2,3.0,4.0,0.0,127/84,143/94,67.0,69.0,female,0.4648,23.030045351473927,0.0
1093.0,111.0,111.0,111.0,109.0,108.0,103.0,104.0,103.0,99.0,102.0,104.0,101.0,102.0,102.0,103.0,103.0,105.0,107.0,112.0,115.0,116.0,118.0,119.0,118.0,118.0,119.0,119.0,119.0,119.0,119.0,118.0,118.0,118.0,118.0,119.0,119.0,118.0,118.0,118.0,118.0,117.0,117.0,117.0,117.0,117.0,116.0,117.0,116.0,115.0,115.0,117.0,116.0,116.0,115.0,115.0,115.0,115.0,115.0,113.0,113.0,112.0,113.0,112.0,110.0,110.0,108.0,110.0,107.0,107.0,106.0,107.0,106.0,107.0,106.0,106.0,106.0,105.0,102.0,70.0,70.0,76.0,,,,,,,,,,,,,,,,,,,,,,,,,,,,,66.505,41.71299999999999,0.9265426,22.0,178.0,82.0,96,2024-03-11 13:28:54+01:00,79.0,Patient,40.0,2.0,61.0,63,"24,00","20,00",-,"480,00",left wrist,"0,70",5356.0,6144.0,788.0,168.0,93.0,178.0,96.0,Hypertension Stage 2,Hypertension Stage 2,4.0,4.0,1.0,168/93,178/96,60.0,78.0,male,0.62252,30.29920464587805,1.0
1215.0,105.0,103.0,104.0,105.0,104.0,101.0,102.0,101.0,102.0,102.0,103.0,102.0,106.0,104.0,104.0,105.0,105.0,103.0,104.0,102.0,103.0,103.0,102.0,101.0,99.0,99.0,102.0,104.0,106.0,107.0,107.0,108.0,106.0,106.0,104.0,103.0,105.0,103.0,105.0,104.0,102.0,101.0,101.0,102.0,104.0,98.0,99.0,97.0,97.0,97.0,96.0,95.0,86.0,84.0,81.0,81.0,78.0,70.0,69.0,,68.0,68.0,68.0,69.0,71.0,71.0,107.0,100.0,,,,,,,,,,,,,,,,,,,,,,,,,,,,,,,,,,,,,,,,,,36.275,12.526,0.8667545,21.0,176.0,74.0,88,2024-03-11 13:05:03+01:00,82.0,Patient,40.0,2.0,53.0,51,"26,80","20,00","696,00","536,00",left wrist,"0,61",4513.0,5210.0,697.0,143.0,90.0,120.0,82.0,Hypertension Stage 2,Hypertension Stage 1,4.0,3.0,1.0,143/90,120/82,66.0,72.0,male,0.57154,28.40909090909091,1.0
1061.0,82.0,86.0,86.0,96.0,98.0,105.0,106.0,107.0,116.0,117.0,115.0,115.0,112.0,112.0,111.0,111.0,112.0,111.0,107.0,108.0,110.0,107.0,105.0,105.0,106.0,107.0,101.0,100.0,98.0,102.0,103.0,103.0,102.0,104.0,103.0,100.0,98.0,99.0,99.0,101.0,106.0,106.0,105.0,104.0,107.0,107.0,104.0,105.0,104.0,106.0,106.0,105.0,106.0,103.0,105.0,105.0,104.0,104.0,106.0,105.0,105.0,104.0,106.0,106.0,106.0,103.0,104.0,102.0,99.0,98.0,97.0,95.0,93.0,90.0,88.0,87.0,81.0,77.0,,76.0,80.0,76.0,76.0,76.0,96.0,93.0,95.0,96.0,100.0,102.0,101.0,102.0,98.0,,,,,,,,,,,,,,,,,27.001,31.513,0.804005,20.0,162.0,22.0,60,2024-03-11 12:43:55+01:00,,Subject,30.0,2.0,47.0,42,"33,30","15,00",-,"499,50",left wrist,"0,58",3586.0,4292.0,706.0,127.0,82.0,135.0,90.0,Hypertension Stage 1,Hypertension Stage 1,3.0,3.0,0.0,127/82,135/90,60.0,78.0,female,0.514674,22.86236854138088,0.0
1394.0,107.0,107.0,101.0,100.0,95.0,94.0,102.0,107.0,110.0,110.0,120.0,121.0,116.0,116.0,106.0,103.0,110.0,110.0,114.0,110.0,110.0,110.0,109.0,115.0,111.0,116.0,119.0,119.0,117.0,123.0,125.0,130.0,129.0,127.0,125.0,124.0,122.0,123.0,123.0,123.0,123.0,121.0,121.0,124.0,124.0,125.0,124.0,118.0,123.0,123.0,121.0,124.0,119.0,123.0,124.0,120.0,121.0,122.0,117.0,120.0,117.0,117.0,118.0,114.0,116.0,115.0,115.0,115.0,115.0,113.0,112.0,120.0,118.0,118.0,118.0,123.0,123.0,117.0,113.0,121.0,117.0,118.0,117.0,117.0,116.0,121.0,117.0,118.0,118.0,118.0,117.0,117.0,115.0,114.0,113.0,113.0,114.0,116.0,114.0,116.0,113.0,102.0,102.0,104.0,,105.0,106.0,103.0,,39.777,18.523,0.9890175,1.0,185.0,22.0,"88,5",2024-03-11 11:29:10+01:00,90.0,Subject,40.0,2.0,50.0,47,"25,55","20,00","637,00","511,00",left wrist,"0,50",2349.0,2973.0,624.0,159.0,72.0,160.0,63.0,Hypertension Stage 2,Hypertension Stage 2,4.0,4.0,0.0,159/72,160/63,88.0,74.0,male,0.5337,25.858290723155587,1.0
1192.0,81.0,72.0,71.0,73.0,74.0,82.0,83.0,87.0,101.0,108.0,100.0,100.0,102.0,108.0,109.0,106.0,105.0,109.0,108.0,104.0,103.0,102.0,107.0,99.0,109.0,104.0,107.0,112.0,110.0,109.0,106.0,106.0,106.0,105.0,107.0,106.0,105.0,102.0,101.0,101.0,101.0,102.0,103.0,106.0,105.0,104.0,103.0,106.0,103.0,104.0,105.0,104.0,103.0,102.0,101.0,101.0,100.0,102.0,101.0,101.0,102.0,102.0,102.0,104.0,104.0,105.0,102.0,102.0,102.0,102.0,103.0,102.0,102.0,101.0,100.0,98.0,98.0,100.0,100.0,102.0,102.0,106.0,107.0,108.0,109.0,109.0,107.0,106.0,106.0,106.0,105.0,104.0,104.0,104.0,104.0,102.0,104.0,100.0,99.0,94.0,76.0,,74.0,75.0,79.0,,,,,33.412,38.648,0.8520439999999999,1.0,185.0,22.0,"88,5",2024-03-08 11:20:51+01:00,90.0,subject,40.0,2.0,50.0,51,"24,95",20,-,"499,00",left wrist,"0,47",439.0,1061.0,622.0,159.0,72.0,160.0,63.0,Hypertension Stage 2,Hypertension Stage 2,4.0,4.0,0.0,159/72,160/63,88.0,74.0,male,0.5337,25.858290723155587,1.0
1584.0,87.0,102.0,103.0,106.0,105.0,102.0,106.0,105.0,107.0,106.0,117.0,117.0,116.0,114.0,113.0,113.0,113.0,111.0,111.0,112.0,112.0,111.0,115.0,117.0,117.0,116.0,115.0,118.0,116.0,117.0,117.0,118.0,117.0,116.0,116.0,115.0,113.0,113.0,113.0,112.0,110.0,110.0,112.0,111.0,113.0,113.0,112.0,114.0,115.0,115.0,117.0,117.0,118.0,118.0,120.0,125.0,124.0,126.0,127.0,126.0,128.0,127.0,129.0,128.0,132.0,139.0,140.0,140.0,135.0,132.0,127.0,125.0,123.0,119.0,118.0,117.0,118.0,117.0,117.0,112.0,107.0,76.0,,78.0,,,,,,,,,,,,,,,,,,,,,,,,,,26.188,26.63500000000001,1.1162775,11.0,165.0,21.0,59,2024-03-07 15:52:59+01:00,80.0,Subject,20.0,1.0,20.0,21,"28,05",20,-,"561,00",left wrist,"0,6",6781.0,7497.0,716.0,141.0,104.0,153.0,107.0,Hypertension Stage 2,Hypertension Stage 2,4.0,4.0,0.0,141/104,153/107,57.0,69.0,male,0.572,21.6712580348944,0.0
1094.0,93.0,95.0,98.0,97.0,107.0,108.0,102.0,95.0,101.0,101.0,94.0,101.0,101.0,109.0,109.0,111.0,112.0,109.0,112.0,111.0,107.0,107.0,107.0,105.0,110.0,107.0,111.0,121.0,121.0,121.0,115.0,112.0,115.0,114.0,112.0,112.0,111.0,114.0,114.0,110.0,115.0,115.0,116.0,111.0,110.0,115.0,115.0,115.0,112.0,110.0,111.0,110.0,107.0,108.0,109.0,110.0,113.0,115.0,111.0,112.0,112.0,115.0,113.0,110.0,111.0,112.0,111.0,107.0,104.0,104.0,105.0,104.0,107.0,108.0,105.0,106.0,108.0,109.0,110.0,109.0,106.0,106.0,109.0,108.0,108.0,110.0,112.0,113.0,107.0,104.0,106.0,107.0,105.0,109.0,109.0,110.0,105.0,102.0,99.0,88.0,88.0,,89.0,57.0,,,,,,38.319,18.892,0.8175205000000001,1.0,185.0,22.0,"88,5",2024-03-07 15:40:58+01:00,90.0,Subject,20.0,1.0,25.0,22,25,20,623,"500,00",left wrist,"0,45",6178.0,6764.0,586.0,159.0,72.0,160.0,63.0,Hypertension Stage 2,Hypertension Stage 2,4.0,4.0,0.0,159/72,160/63,88.0,74.0,male,0.5337,25.858290723155587,1.0
1086.0,106.0,107.0,106.0,106.0,106.0,106.0,105.0,106.0,106.0,107.0,107.0,107.0,107.0,107.0,107.0,106.0,106.0,107.0,108.0,108.0,107.0,108.0,109.0,108.0,107.0,107.0,107.0,107.0,107.0,108.0,108.0,107.0,107.0,108.0,108.0,108.0,108.0,108.0,108.0,108.0,109.0,109.0,109.0,108.0,108.0,108.0,108.0,108.0,106.0,107.0,107.0,107.0,107.0,106.0,106.0,107.0,106.0,106.0,105.0,104.0,102.0,102.0,101.0,100.0,100.0,99.0,99.0,97.0,97.0,97.0,98.0,98.0,98.0,98.0,,99.0,99.0,101.0,101.0,101.0,101.0,,,,,,,,,,,,,,,,,,,,,,,,,,,,,26.000000000000004,32.15800000000001,0.7968004999999999,16.0,179.0,63.0,70,2024-03-07 13:55:32+01:00,88.0,Patient,20.0,1.0,25.0,28,"20,2",20,-,"404,00",left wrist,"0,47",4403.0,5039.0,636.0,112.0,83.0,111.0,70.0,Hypertension Stage 1,Normal,3.0,1.0,1.0,112/83,111/70,93.0,84.0,male,0.55968,21.84700852033332,0.0
1120.0,92.0,90.0,91.0,92.0,94.0,94.0,95.0,95.0,95.0,92.0,93.0,94.0,96.0,94.0,93.0,91.0,90.0,90.0,93.0,94.0,95.0,95.0,99.0,97.0,94.0,92.0,93.0,94.0,95.0,96.0,95.0,95.0,95.0,97.0,100.0,98.0,98.0,99.0,99.0,100.0,100.0,94.0,93.0,91.0,97.0,98.0,99.0,99.0,93.0,92.0,90.0,97.0,97.0,94.0,,87.0,88.0,90.0,85.0,,,,,,,,,,,,,,,,,,,,,,,,,,,,,,,,,,,,,,,,,,,,,,,,,,,10.826,7.984,0.730935,15.0,163.0,56.0,56,2024-03-07 10:59:39+01:00,77.0,Patient,20.0,1.0,25.0,27,"19,4",20,621,"388,00",left wrist,"0,36",3454.0,4062.0,608.0,108.0,77.0,130.0,83.0,Normal,Hypertension Stage 1,1.0,3.0,1.0,108/77,130/83,78.0,91.0,male,0.46816,21.0771952275208,0.0
1148.0,91.0,88.0,88.0,89.0,90.0,90.0,88.0,87.0,90.0,90.0,90.0,87.0,85.0,88.0,87.0,90.0,90.0,92.0,92.0,91.0,91.0,91.0,90.0,89.0,91.0,89.0,89.0,91.0,92.0,92.0,91.0,91.0,91.0,90.0,91.0,93.0,93.0,92.0,92.0,92.0,91.0,87.0,87.0,86.0,86.0,87.0,82.0,82.0,85.0,79.0,78.0,78.0,,93.0,91.0,,,,,,,,,,,,,,,,,,,,,,,,,,,,,,,,,,,,,,,,,,,,,,,,,,,,,,,16.192999999999998,10.317,0.7070764999999999,14.0,168.0,59.0,77,2024-03-07 10:38:17+01:00,70.0,Patient,20.0,1.0,27.0,29,"16,25",20,-,"325,00",left wrist,"0,32",2852.0,3413.0,561.0,131.0,99.0,129.0,102.0,Hypertension Stage 1,Hypertension Stage 2,3.0,4.0,1.0,131/99,129/102,87.0,80.0,female,0.3927,27.281746031746035,1.0
1278.0,77.0,78.0,79.0,79.0,78.0,77.0,77.0,78.0,77.0,77.0,77.0,77.0,77.0,78.0,78.0,78.0,78.0,80.0,80.0,81.0,80.0,78.0,77.0,75.0,74.0,77.0,79.0,79.0,79.0,79.0,79.0,79.0,81.0,81.0,80.0,78.0,78.0,79.0,80.0,80.0,79.0,78.0,77.0,76.0,73.0,72.0,71.0,69.0,66.0,66.0,65.0,64.0,64.0,63.0,63.0,60.0,58.0,,58.0,80.0,65.0,,,,,,,,,,,,,,,,,,,,,,,,,,,,,,,,,,,,,,,,,,,,,,,,,25.796,20.018,0.7594375,13.0,174.0,64.0,99,2024-03-07 10:16:10+01:00,73.0,Patient,20.0,1.0,39.0,27,"18,75","20,00","638,00","375,00",left wrist,"0,45",2107.0,2725.0,618.0,114.0,64.0,130.0,73.0,Normal,Hypertension Stage 1,1.0,3.0,1.0,114/64,130/73,64.0,73.0,male,0.45114,32.69916765755053,1.0
1266.0,91.0,91.0,90.0,90.0,92.0,89.0,90.0,90.0,92.0,92.0,90.0,91.0,92.0,92.0,93.0,93.0,93.0,92.0,92.0,92.0,90.0,89.0,93.0,93.0,95.0,95.0,97.0,96.0,95.0,96.0,94.0,93.0,93.0,92.0,95.0,95.0,97.0,95.0,95.0,92.0,91.0,94.0,95.0,95.0,95.0,95.0,92.0,91.0,93.0,94.0,97.0,98.0,96.0,94.0,95.0,95.0,98.0,96.0,95.0,80.0,78.0,,78.0,75.0,77.0,78.0,82.0,85.0,85.0,85.0,83.0,79.0,78.0,77.0,,,,,,,,,,,,,,,,,,,,,,,,,,,,,,,,,,,,23.447000000000003,17.479000000000003,0.8313299999999999,12.0,178.0,48.0,88,2024-03-07 09:55:14+01:00,81.0,Patient,20.0,1.0,31.0,31,22,"20,00",-,"440,00",left wrist,"0,5",1421.0,2049.0,628.0,111.0,73.0,125.0,76.0,Normal,Elevated,1.0,2.0,1.0,111/73,125/76,60.0,55.0,male,0.50868,27.77427092538821,1.0
1490.0,128.0,127.0,120.0,120.0,117.0,111.0,110.0,111.0,110.0,110.0,120.0,124.0,125.0,124.0,125.0,127.0,125.0,117.0,118.0,118.0,118.0,121.0,121.0,122.0,122.0,122.0,122.0,122.0,123.0,123.0,123.0,123.0,121.0,123.0,125.0,125.0,122.0,123.0,124.0,124.0,127.0,127.0,126.0,123.0,128.0,130.0,130.0,137.0,139.0,139.0,136.0,135.0,135.0,135.0,131.0,130.0,127.0,127.0,127.0,127.0,121.0,112.0,109.0,111.0,105.0,106.0,118.0,122.0,120.0,120.0,121.0,120.0,123.0,123.0,122.0,118.0,120.0,121.0,123.0,123.0,119.0,112.0,104.0,104.0,,106.0,105.0,80.0,,,,,,,,,,,,,,,,,,,,,,31.972999999999995,26.36699999999999,1.1336885,11.0,165.0,21.0,59,2024-03-06 14:57:52+01:00,80.0,Subject,30.0,2.0,40.0,38,-,-,-,#VALUE!,left wrist,"0,60",8461.0,9176.0,715.0,141.0,104.0,153.0,107.0,Hypertension Stage 2,Hypertension Stage 2,4.0,4.0,0.0,141/104,153/107,57.0,69.0,male,0.572,21.6712580348944,0.0
1514.0,74.0,61.0,60.0,64.0,63.0,68.0,69.0,79.0,82.0,83.0,85.0,92.0,95.0,96.0,95.0,97.0,97.0,96.0,96.0,99.0,102.0,105.0,105.0,105.0,104.0,103.0,103.0,103.0,102.0,105.0,104.0,103.0,101.0,100.0,99.0,99.0,99.0,99.0,102.0,102.0,100.0,100.0,100.0,101.0,106.0,105.0,105.0,107.0,106.0,106.0,105.0,104.0,104.0,101.0,101.0,99.0,100.0,99.0,101.0,100.0,100.0,99.0,102.0,103.0,101.0,101.0,100.0,100.0,102.0,102.0,103.0,102.0,103.0,103.0,103.0,103.0,104.0,104.0,103.0,98.0,97.0,99.0,100.0,102.0,100.0,99.0,97.0,85.0,85.0,85.0,82.0,72.0,71.0,,67.0,65.0,67.0,66.0,66.0,66.0,65.0,69.0,72.0,,,,,,,27.291,29.407000000000004,1.0957,3.0,172.0,25.0,64,2024-03-06 14:18:23+01:00,81.0,Subject,30.0,2.0,35.0,35,"37,5","15,00",-,"562,50",left wrist,"0,56",7401.0,8041.0,640.0,102.0,66.0,102.0,79.0,Normal,Normal,1.0,1.0,0.0,102/66,102/79,54.0,70.0,female,0.52731,21.63331530557058,0.0
1348.0,79.0,74.0,74.0,74.0,73.0,75.0,82.0,93.0,93.0,100.0,99.0,105.0,104.0,107.0,106.0,106.0,104.0,98.0,101.0,101.0,104.0,98.0,98.0,102.0,107.0,106.0,102.0,103.0,102.0,102.0,106.0,108.0,107.0,109.0,109.0,111.0,108.0,108.0,109.0,106.0,107.0,108.0,106.0,108.0,108.0,108.0,108.0,109.0,108.0,104.0,104.0,104.0,105.0,105.0,104.0,104.0,105.0,105.0,105.0,106.0,103.0,103.0,102.0,100.0,104.0,101.0,101.0,100.0,99.0,100.0,104.0,104.0,105.0,104.0,103.0,103.0,109.0,107.0,108.0,108.0,106.0,106.0,103.0,104.0,104.0,104.0,103.0,105.0,105.0,106.0,105.0,101.0,101.0,101.0,88.0,,88.0,89.0,89.0,91.0,89.0,,,,,,,,,20.682,12.446000000000002,0.8541305000000001,10.0,165.0,26.0,60,2024-03-06 14:07:27+01:00,73.0,Subject,30.0,2.0,45.0,43,31,"15,00",-,"465,00",left wrist,"0,48",6597.0,7255.0,658.0,128.0,78.0,148.0,89.0,Elevated,Hypertension Stage 1,2.0,3.0,0.0,128/78,148/89,72.0,95.0,female,0.48034,22.03856749311295,0.0
1220.0,128.0,130.0,126.0,126.0,126.0,122.0,122.0,125.0,125.0,125.0,125.0,123.0,124.0,121.0,120.0,127.0,125.0,122.0,122.0,121.0,120.0,123.0,121.0,121.0,118.0,120.0,124.0,122.0,121.0,121.0,125.0,125.0,123.0,123.0,122.0,121.0,119.0,116.0,120.0,119.0,118.0,116.0,112.0,113.0,110.0,109.0,108.0,109.0,104.0,103.0,,102.0,101.0,103.0,100.0,97.0,97.0,98.0,99.0,108.0,102.0,104.0,98.0,101.0,102.0,105.0,104.0,97.0,96.0,97.0,107.0,106.0,109.0,105.0,104.0,113.0,122.0,,,,,,,,,,,,,,,,,,,,,,,,,,,,,,,,,23.922000000000004,12.238,0.794317,9.0,162.0,59.0,"64,6",2024-03-06 12:57:38+01:00,74.0,Patient,20.0,1.0,22.0,22,"20,6","20,00",-,"412,00",left wrist,"0,42",5743.0,6300.0,557.0,115.0,67.0,134.0,78.0,Normal,Hypertension Stage 1,1.0,3.0,1.0,115/67,134/78,80.0,73.0,female,0.41218,24.615150129553413,0.0
919.0,84.0,85.0,85.0,85.0,86.0,87.0,93.0,94.0,96.0,99.0,103.0,101.0,105.0,104.0,100.0,104.0,107.0,107.0,108.0,107.0,108.0,108.0,108.0,108.0,108.0,107.0,107.0,107.0,107.0,108.0,108.0,109.0,109.0,110.0,110.0,111.0,110.0,110.0,109.0,93.0,93.0,106.0,108.0,108.0,108.0,109.0,110.0,110.0,110.0,110.0,109.0,109.0,108.0,111.0,110.0,110.0,109.0,110.0,110.0,109.0,109.0,109.0,109.0,108.0,109.0,110.0,109.0,108.0,108.0,108.0,108.0,108.0,107.0,105.0,103.0,103.0,103.0,102.0,102.0,101.0,100.0,97.0,96.0,95.0,95.0,93.0,92.0,91.0,87.0,86.0,85.0,,84.0,82.0,,,,,,,,,,,,,,,,36.813,34.29199999999999,0.626405,8.0,164.0,78.0,75,2024-03-06 12:34:28+01:00,74.0,Subject,30.0,2.0,49.0,51,"28,6","15,00",-,"429,00",left wrist,"0,51",4664.0,5375.0,711.0,137.0,84.0,126.0,81.0,Hypertension Stage 1,Hypertension Stage 1,3.0,3.0,0.0,137/84,126/81,85.0,105.0,female,0.52614,27.88518738845925,1.0
154.0,91.0,86.0,,,,,,,,,,,,,,,,,,,,,,,,,,,,,,,,,,,,,,,,,,,,,,,,,,,,,,,,,,,,,,,,,,,,,,,,,,,,,,,,,,,,,,,,,,,,,,,,,,,,,,,,,,,,4.936,0.0,0.1166084,7.0,188.0,83.0,92,2024-03-06 11:56:43+01:00,78.0,Patient,20.0,1.0,39.0,-,"2,35","20,00","105,00","47,00",right wrist,"0,04",4413.0,4501.0,88.0,144.0,81.0,166.0,78.0,Hypertension Stage 1,Hypertension Stage 2,3.0,4.0,1.0,144/81,166/78,70.0,83.0,female,0.06864,26.02987777274785,1.0
1107.0,90.0,91.0,92.0,97.0,99.0,103.0,103.0,103.0,104.0,105.0,104.0,104.0,102.0,102.0,102.0,101.0,101.0,99.0,99.0,100.0,99.0,98.0,97.0,97.0,97.0,99.0,99.0,100.0,101.0,101.0,101.0,101.0,101.0,101.0,103.0,103.0,101.0,99.0,100.0,101.0,102.0,102.0,102.0,99.0,98.0,101.0,102.0,101.0,99.0,99.0,100.0,99.0,100.0,100.0,100.0,102.0,101.0,101.0,101.0,101.0,100.0,100.0,97.0,96.0,96.0,95.0,95.0,96.0,95.0,93.0,92.0,91.0,92.0,92.0,87.0,85.0,84.0,67.0,67.0,,67.0,68.0,69.0,71.0,,,,,,,,,,,,,,,,,,,,,,,,,,37.017,38.03900000000001,0.8529415,5.0,169.0,63.0,77,2024-03-06 10:40:33+01:00,75.0,Patient,20.0,1.0,24.0,23,29,"20,00","676,00","580,00",left wrist,"0,58",2839.0,3544.0,705.0,135.0,96.0,148.0,109.0,Hypertension Stage 1,Hypertension Stage 2,3.0,4.0,1.0,135/96,148/109,64.0,77.0,male,0.52875,26.95984034172473,1.0
1325.0,103.0,103.0,101.0,101.0,105.0,105.0,103.0,103.0,103.0,103.0,103.0,103.0,103.0,103.0,103.0,103.0,103.0,104.0,104.0,103.0,104.0,104.0,104.0,104.0,104.0,103.0,103.0,104.0,103.0,103.0,102.0,101.0,101.0,100.0,100.0,100.0,100.0,99.0,97.0,96.0,96.0,95.0,95.0,93.0,91.0,90.0,91.0,89.0,90.0,92.0,91.0,86.0,85.0,,85.0,83.0,83.0,83.0,82.0,83.0,137.0,,,,,,,,,,,,,,,,,,,,,,,,,,,,,,,,,,,,,,,,,,,,,,,,,37.155,21.748,0.991953,4.0,186.0,60.0,105,2024-03-06 09:53:22+01:00,81.0,Patient,30.0,2.0,43.0,39,"27,7","20,00",-,"554,00",left wrist,"0,61",1750.0,2450.0,700.0,149.0,94.0,162.0,97.0,Hypertension Stage 2,Hypertension Stage 2,4.0,4.0,1.0,149/94,162/97,75.0,83.0,male,0.567,30.350329517863333,1.0
1125.0,91.0,90.0,91.0,95.0,94.0,106.0,117.0,119.0,118.0,118.0,126.0,128.0,131.0,128.0,128.0,127.0,127.0,127.0,128.0,131.0,131.0,126.0,128.0,129.0,124.0,126.0,126.0,127.0,126.0,126.0,127.0,130.0,131.0,133.0,125.0,125.0,119.0,124.0,124.0,127.0,126.0,126.0,126.0,126.0,125.0,124.0,123.0,126.0,129.0,125.0,125.0,124.0,124.0,122.0,122.0,123.0,127.0,128.0,125.0,125.0,125.0,122.0,123.0,123.0,121.0,121.0,118.0,123.0,124.0,122.0,119.0,119.0,118.0,118.0,120.0,114.0,116.0,109.0,107.0,99.0,99.0,101.0,99.0,,105.0,101.0,101.0,100.0,87.0,,,,,,,,,,,,,,,,,,,,,41.93,40.88099999999999,0.907462,1.0,185.0,22.0,"88,5",2024-03-05 15:42:39+01:00,90.0,Subject,30.0,2.0,37.0,36,35,"15,00","623,00","525,00",left wrist,"0,50",4641.0,5234.0,593.0,159.0,72.0,160.0,63.0,Hypertension Stage 2,Hypertension Stage 2,4.0,4.0,0.0,159/72,160/63,88.0,74.0,male,0.5337,25.858290723155587,1.0
1483.0,98.0,97.0,97.0,97.0,97.0,92.0,90.0,93.0,92.0,93.0,92.0,100.0,97.0,99.0,99.0,99.0,94.0,102.0,102.0,102.0,105.0,101.0,102.0,102.0,97.0,103.0,102.0,104.0,105.0,104.0,107.0,103.0,102.0,102.0,100.0,104.0,102.0,104.0,103.0,103.0,103.0,103.0,105.0,101.0,98.0,99.0,100.0,102.0,104.0,103.0,103.0,101.0,99.0,102.0,103.0,102.0,102.0,99.0,99.0,99.0,103.0,102.0,105.0,102.0,102.0,106.0,107.0,104.0,103.0,103.0,100.0,100.0,96.0,94.0,88.0,89.0,89.0,78.0,72.0,72.0,,77.0,79.0,80.0,81.0,81.0,69.0,,,,,,,,,,,,,,,,,,,,,,,26.669,29.59000000000001,1.0446305,3.0,172.0,25.0,64,2024-03-05 13:52:48+01:00,81.0,Subject,30.0,2.0,36.0,34,36,"15,00",-,"540,00",left wrist,"0,53",3328.0,3979.0,651.0,102.0,66.0,102.0,79.0,Normal,Normal,1.0,1.0,0.0,102/66,102/79,54.0,70.0,female,0.52731,21.63331530557058,0.0
1573.0,89.0,88.0,89.0,80.0,86.0,87.0,96.0,99.0,98.0,100.0,100.0,100.0,100.0,94.0,95.0,96.0,100.0,101.0,103.0,97.0,102.0,101.0,99.0,101.0,101.0,100.0,100.0,91.0,90.0,91.0,88.0,90.0,92.0,97.0,97.0,95.0,95.0,90.0,89.0,91.0,90.0,92.0,87.0,89.0,89.0,91.0,92.0,92.0,92.0,90.0,90.0,91.0,92.0,93.0,92.0,95.0,92.0,91.0,90.0,91.0,95.0,95.0,97.0,95.0,99.0,101.0,101.0,99.0,100.0,96.0,75.0,71.0,71.0,,70.0,75.0,73.0,72.0,72.0,80.0,,,,,,,,,,,,,,,,,,,,,,,,,,,,,,33.659,14.963,1.285568,2.0,178.0,23.0,72,2024-03-05 13:38:53+01:00,87.0,Subject,30.0,2.0,40.0,37,"37,2","15,00",-,"558,00",left wrist,"0,61",2543.0,3252.0,709.0,144.0,89.0,157.0,98.0,Hypertension Stage 1,Hypertension Stage 2,3.0,4.0,0.0,144/89,157/98,89.0,104.0,male,0.61683,22.724403484408533,0.0
,127.0,127.0,125.0,125.0,125.0,124.0,124.0,123.0,131.0,132.0,135.0,136.0,136.0,138.0,138.0,137.0,136.0,135.0,133.0,133.0,134.0,134.0,133.0,133.0,133.0,133.0,133.0,133.0,132.0,133.0,133.0,133.0,132.0,133.0,132.0,131.0,132.0,130.0,131.0,132.0,132.0,131.0,131.0,130.0,128.0,129.0,128.0,129.0,128.0,128.0,127.0,127.0,127.0,126.0,126.0,127.0,127.0,126.0,126.0,125.0,124.0,121.0,122.0,123.0,122.0,123.0,122.0,122.0,121.0,119.0,117.0,116.0,117.0,114.0,113.0,112.0,111.0,112.0,107.0,108.0,110.0,109.0,110.0,112.0,110.0,104.0,,,,,,,,,,,,,,,,,,,,,,,,69.72599999999997,18.48899999999996,0.8076954999999998,,175.0,24.0,64.0,2024-07-18 12:11:54+0200,,,,,,,13.5,,,,,0.73,2463.0,3245.0,,,,,,,,,,,,,,,female,,,
,92.0,78.0,80.0,88.0,83.0,82.0,91.0,89.0,94.0,90.0,96.0,89.0,88.0,90.0,90.0,93.0,86.0,92.0,95.0,95.0,94.0,98.0,91.0,97.0,97.0,95.0,98.0,102.0,106.0,107.0,115.0,115.0,124.0,124.0,122.0,116.0,108.0,106.0,104.0,108.0,106.0,112.0,113.0,117.0,130.0,131.0,131.0,132.0,129.0,130.0,126.0,134.0,134.0,130.0,132.0,132.0,128.0,130.0,130.0,127.0,127.0,126.0,131.0,124.0,130.0,130.0,128.0,133.0,129.0,130.0,135.0,134.0,136.0,134.0,134.0,137.0,137.0,137.0,136.0,136.0,135.0,133.0,131.0,132.0,129.0,129.0,125.0,130.0,128.0,128.0,132.0,138.0,136.0,135.0,137.0,137.0,136.0,135.0,137.0,137.0,,,,,,,,,,73.91100000000009,46.95099999999976,1.504281499999999,,180.0,54.0,108.0,2024-07-17 14:07:33+0200,,,,,,,14.25,,,,,0.62,1557.0,2130.0,,,,,,,,,,,,,,,male,,,
,109.0,115.0,74.0,80.0,80.0,84.0,84.0,106.0,113.0,113.0,111.0,111.0,115.0,115.0,115.0,114.0,80.0,79.0,80.0,77.0,74.0,75.0,75.0,75.0,75.0,74.0,69.0,69.0,70.0,69.0,67.0,67.0,67.0,69.0,76.0,76.0,77.0,76.0,76.0,76.0,73.0,72.0,72.0,75.0,75.0,75.0,75.0,75.0,76.0,77.0,77.0,76.0,76.0,76.0,76.0,76.0,77.0,76.0,75.0,74.0,74.0,75.0,75.0,74.0,74.0,75.0,75.0,75.0,76.0,76.0,74.0,75.0,75.0,75.0,74.0,74.0,74.0,74.0,74.0,74.0,73.0,73.0,73.0,72.0,74.0,74.0,73.0,73.0,73.0,73.0,72.0,72.0,71.0,70.0,69.0,68.0,69.0,69.0,69.0,69.0,,,,,,,,,,84.80900000000003,305.7799999999983,0.9441159999999992,,175.0,24.0,64.0,2024-07-17 13:31:59+0200,,,,,,,15.5,,,,,0.64,1028.0,1557.0,,,,,,,,,,,,,,,female,,,
,77.0,83.0,87.0,82.0,78.0,112.0,106.0,106.0,105.0,101.0,101.0,101.0,102.0,102.0,105.0,105.0,107.0,106.0,106.0,109.0,110.0,110.0,115.0,111.0,111.0,111.0,109.0,110.0,110.0,112.0,110.0,113.0,113.0,109.0,107.0,106.0,103.0,103.0,101.0,101.0,102.0,102.0,103.0,103.0,106.0,105.0,107.0,105.0,104.0,105.0,105.0,104.0,102.0,103.0,101.0,101.0,101.0,101.0,101.0,100.0,101.0,101.0,101.0,102.0,102.0,102.0,102.0,102.0,103.0,101.0,101.0,100.0,102.0,103.0,103.0,105.0,105.0,102.0,107.0,104.0,102.0,99.0,101.0,,,,,,,,,,,,,,,,,,,,,,,,,,,48.34099999999998,1818.5950000000173,0.6614389999999998,,176.0,57.0,120.0,2024-07-17 10:13:45+0200,,,,,,,11.38,,,,,0.57,0.0,223.0,,,,,,,,,,,,,,,male,,,
,68.0,66.0,72.0,78.0,78.0,78.0,83.0,49.0,68.0,68.0,77.0,78.0,96.0,87.0,87.0,88.0,86.0,88.0,87.0,87.0,90.0,90.0,88.0,88.0,86.0,83.0,85.0,86.0,85.0,86.0,87.0,86.0,87.0,85.0,85.0,81.0,81.0,80.0,80.0,81.0,85.0,84.0,83.0,83.0,80.0,80.0,80.0,80.0,80.0,80.0,81.0,80.0,81.0,81.0,84.0,85.0,83.0,84.0,81.0,81.0,81.0,81.0,81.0,81.0,81.0,81.0,81.0,81.0,81.0,81.0,81.0,81.0,81.0,81.0,81.0,81.0,81.0,81.0,82.0,81.0,81.0,82.0,82.0,82.0,82.0,82.0,84.0,,,,,,,,,,,,,,,,,,,,,,,40.812000000000026,1700.676999999983,0.8027785000000005,,177.0,72.0,100.0,2024-07-15 09:17:44+0200,,,,,,,9.65,,,,,0.45,0.0,749.0,,,,,,,,,,,,,,,male,,,
,66.0,66.0,97.0,98.0,94.0,77.0,77.0,78.0,78.0,78.0,78.0,78.0,78.0,76.0,76.0,77.0,77.0,77.0,77.0,81.0,81.0,81.0,80.0,81.0,82.0,82.0,82.0,82.0,80.0,81.0,81.0,83.0,83.0,81.0,81.0,80.0,81.0,81.0,82.0,83.0,83.0,83.0,81.0,81.0,82.0,81.0,81.0,81.0,82.0,82.0,82.0,82.0,81.0,80.0,81.0,81.0,82.0,82.0,82.0,81.0,81.0,81.0,81.0,80.0,81.0,79.0,78.0,79.0,79.0,77.0,78.0,76.0,76.0,77.0,75.0,74.0,74.0,74.0,74.0,74.0,75.0,75.0,74.0,74.0,74.0,78.0,75.0,75.0,74.0,74.0,75.0,60.0,,,,,,,,,,,,,,,,,,50.21400000000008,135.54099999999988,0.8525520000000006,,178.0,72.0,78.0,2024-07-12 10:32:31+0200,,,,,,,11.25,,,,,0.45,1102.0,1751.0,,,,,,,,,,,,,,,male,,,
,82.0,76.0,81.0,86.0,106.0,112.0,108.0,103.0,66.0,68.0,66.0,73.0,71.0,95.0,95.0,97.0,99.0,98.0,96.0,93.0,96.0,98.0,98.0,103.0,103.0,103.0,103.0,103.0,103.0,103.0,103.0,103.0,102.0,103.0,101.0,99.0,101.0,102.0,102.0,103.0,103.0,103.0,103.0,103.0,102.0,102.0,102.0,104.0,104.0,103.0,102.0,102.0,103.0,100.0,100.0,100.0,99.0,102.0,102.0,103.0,103.0,104.0,101.0,100.0,100.0,103.0,101.0,101.0,100.0,100.0,103.0,102.0,102.0,101.0,103.0,103.0,102.0,103.0,104.0,100.0,100.0,100.0,97.0,96.0,97.0,96.0,96.0,97.0,95.0,93.0,92.0,92.0,93.0,83.0,84.0,87.0,91.0,92.0,84.0,86.0,,,,,,,,,,60.627,1521.5379999999889,1.0351099999999989,,181.0,63.0,103.0,2024-07-12 08:58:51+0200,,,,,,,10.4,,,,,0.47,255.0,591.0,,,,,,,,,,,,,,,male,,,
,85.0,90.0,93.0,105.0,106.0,107.0,107.0,106.0,107.0,107.0,106.0,105.0,106.0,105.0,108.0,108.0,107.0,107.0,106.0,105.0,105.0,104.0,104.0,103.0,105.0,105.0,106.0,107.0,107.0,106.0,107.0,106.0,107.0,106.0,106.0,107.0,107.0,105.0,107.0,106.0,106.0,102.0,105.0,104.0,107.0,,,,,,,,,,,,,,,,,,,,,,,,,,,,,,,,,,,,,,,,,,,,,,,,,,,,,,,,,,,,,,,,,38.34600000000004,57.47199999999959,0.7940470000000005,,184.0,43.0,76.0,2024-07-11 11:37:57+0200,,,,,,,14.5,,,,,0.65,3124.0,3929.0,,,,,,,,,,,,,,,male,,,
,103.0,77.0,66.0,80.0,83.0,122.0,124.0,123.0,120.0,122.0,121.0,122.0,122.0,121.0,120.0,120.0,119.0,118.0,118.0,118.0,118.0,117.0,116.0,115.0,114.0,114.0,115.0,115.0,115.0,114.0,114.0,114.0,110.0,111.0,110.0,110.0,110.0,111.0,110.0,109.0,109.0,108.0,107.0,107.0,109.0,109.0,108.0,109.0,109.0,108.0,108.0,107.0,107.0,107.0,107.0,106.0,106.0,107.0,106.0,104.0,103.0,103.0,102.0,102.0,102.0,103.0,103.0,99.0,97.0,97.0,97.0,92.0,90.0,81.0,83.0,85.0,84.0,84.0,71.0,,,,,,,,,,,,,,,,,,,,,,,,,,,,,,,68.82799999999986,40.49900000000014,0.9202625,,180.0,71.0,74.0,2024-07-11 10:52:35+0200,,,,,,,12.33,,,,,0.49,2157.0,2776.0,,,,,,,,,,,,,,,male,,,
,74.0,72.0,73.0,72.0,80.0,84.0,84.0,82.0,86.0,88.0,85.0,83.0,82.0,83.0,83.0,84.0,86.0,93.0,96.0,110.0,108.0,104.0,103.0,102.0,103.0,105.0,103.0,103.0,103.0,101.0,101.0,101.0,106.0,105.0,103.0,103.0,105.0,106.0,107.0,107.0,107.0,107.0,107.0,108.0,108.0,108.0,108.0,107.0,107.0,107.0,107.0,107.0,106.0,107.0,107.0,106.0,107.0,108.0,107.0,106.0,107.0,107.0,108.0,108.0,107.0,108.0,112.0,112.0,110.0,111.0,112.0,107.0,109.0,110.0,109.0,109.0,106.0,106.0,106.0,106.0,107.0,105.0,106.0,105.0,107.0,108.0,108.0,108.0,108.0,106.0,106.0,106.0,106.0,105.0,107.0,107.0,103.0,106.0,105.0,104.0,,,,,,,,,,37.64000000000008,73.02600000000061,0.7240193999999998,,176.0,59.0,92.0,2024-07-11 10:28:18+0200,,,,,,,16.85,,,,,0.73,1019.0,1750.0,,,,,,,,,,,,,,,male,,,
,82.0,86.0,77.0,78.0,86.0,82.0,78.0,79.0,79.0,75.0,75.0,76.0,76.0,75.0,74.0,75.0,76.0,74.0,74.0,72.0,73.0,73.0,72.0,74.0,72.0,72.0,71.0,73.0,72.0,74.0,73.0,75.0,74.0,78.0,81.0,82.0,84.0,80.0,79.0,82.0,84.0,86.0,85.0,84.0,81.0,83.0,78.0,78.0,78.0,76.0,73.0,73.0,85.0,82.0,90.0,88.0,87.0,88.0,83.0,89.0,90.0,90.0,90.0,90.0,90.0,90.0,90.0,91.0,90.0,89.0,89.0,90.0,91.0,90.0,90.0,90.0,90.0,90.0,90.0,91.0,90.0,91.0,91.0,90.0,90.0,90.0,90.0,90.0,90.0,90.0,90.0,90.0,90.0,90.0,91.0,89.0,89.0,90.0,90.0,90.0,,,,,,,,,,34.84899999999996,928.5820000000032,0.5354745000000002,,163.0,59.0,63.0,2024-07-11 09:12:48+0200,,,,,,,9.85,,,,,0.46,,602.0,,,,,,,,,,,,,,,female,,,
,82.0,80.0,76.0,68.0,68.5396,72.0,74.0,80.0,90.0,90.0,90.0,88.0,89.0,67.0,69.0,78.0,67.0,69.0,73.0,75.0,88.0,76.0,75.0,75.0,75.0,75.0,74.0,73.0,73.0,74.0,74.0,77.0,77.0,78.0,77.0,77.0,77.0,77.0,77.0,76.0,76.0,77.0,77.0,77.0,77.0,77.0,77.0,76.0,77.0,78.0,78.0,77.0,78.0,77.0,76.0,76.0,77.0,77.0,77.0,77.0,78.0,78.0,78.0,79.0,80.0,80.0,87.0,90.0,91.0,89.0,89.0,87.0,78.0,83.0,79.0,81.0,84.0,85.0,85.0,78.0,82.0,78.0,76.0,76.0,75.0,77.0,74.0,74.0,76.0,68.0,68.0,69.0,70.0,71.0,72.0,69.0,68.0,66.0,70.0,67.0,,,,,,,,,,16.70000000000003,7589.789999999998,0.1828459999999999,,175.0,89.0,62.0,2024-07-10 13:55:37+0200,,,,,,,5.58,,,,,0.32,151.0,,,,,,,,,,,,,,,,male,,,
